Workbook
Name LastChange: 'Daily SOW'!$H$13

Sheet Daily SOW
B2: AL-IDRISI - Drydock 2027 <Place> Scope of works | F2: Rev. # | G2: Name | H2: Date | J2: Planned
F3: Rev00 | G3: PSKO | H3: 46308 | J3: Ongoing
J4: Completed
J5: TBC
J6: Cancelled/postponed
J7: All necessary parts on board
F13: Last change | H13: 46308
B15: Specs | C15: Description | E15: WL item | F15: 3rd party | G15: Crew | H15: JDN WS | I15: Remarks
B16: A. PILOTAGE, MOORING AND UNMOORING
B22: B. DRYDOCKING
B28: C. SERVICES
B34: D. GENERAL
B40: E. SURFACE PREPARATIONS
B46: F. PAINT
B52: G. STEEL
B58: H. TANKS
B64: I. SEAWATER LINES
B70: J. HOPPER
B76: M. PROPELLERS AND TAILSHAFTS
B82: N. ENGINES
... B100: X. MISCELLANEOUS

Sheet Spares
B2: AL-IDRISI - Drydock 2027 <Place> Overview of spares | H2: Rev. # | I2: Name | J2: Date | L2: too late
H3: =IF('Daily SOW'!F3="","",'Daily SOW'!F3) | I3: =IF('Daily SOW'!G3="","",'Daily SOW'!G3) | J3: =IF('Daily SOW'!H3="","",'Daily SOW'!H3) | L3: close call
H4: =IF('Daily SOW'!F4="","",'Daily SOW'!F4) | I4: =IF('Daily SOW'!G4="","",'Daily SOW'!G4) | J4: =IF('Daily SOW'!H4="","",'Daily SOW'!H4) | L4: delivered in <Place>
H5: =IF('Daily SOW'!F5="","",'Daily SOW'!F5) | I5: =IF('Daily SOW'!G5="","",'Daily SOW'!G5) | J5: =IF('Daily SOW'!H5="","",'Daily SOW'!H5) | L5: on board
H6: =IF('Daily SOW'!F6="","",'Daily SOW'!F6) | I6: =IF('Daily SOW'!G6="","",'Daily SOW'!G6) | J6: =IF('Daily SOW'!H6="","",'Daily SOW'!H6) | L6: on the way
H7: =IF('Daily SOW'!F7="","",'Daily SOW'!F7) | I7: =IF('Daily SOW'!G7="","",'Daily SOW'!G7) | J7: =IF('Daily SOW'!H7="","",'Daily SOW'!H7)
H8: =IF('Daily SOW'!F8="","",'Daily SOW'!F8) | I8: =IF('Daily SOW'!G8="","",'Daily SOW'!G8) | J8: =IF('Daily SOW'!H8="","",'Daily SOW'!H8)
H9: =IF('Daily SOW'!F9="","",'Daily SOW'!F9) | I9: =IF('Daily SOW'!G9="","",'Daily SOW'!G9) | J9: =IF('Daily SOW'!H9="","",'Daily SOW'!H9)
H10: =IF('Daily SOW'!F10="","",'Daily SOW'!F10) | I10: =IF('Daily SOW'!G10="","",'Daily SOW'!G10) | J10: =IF('Daily SOW'!H10="","",'Daily SOW'!H10)
H11: =IF('Daily SOW'!F11="","",'Daily SOW'!F11) | I11: =IF('Daily SOW'!G11="","",'Daily SOW'!G11) | J11: =IF('Daily SOW'!H11="","",'Daily SOW'!H11)
H12: =IF('Daily SOW'!F12="","",'Daily SOW'!F12) | I12: =IF('Daily SOW'!G12="","",'Daily SOW'!G12) | J12: =IF('Daily SOW'!H12="","",'Daily SOW'!H12)
H13: Last change | J13: =LastChange
B15: Specs | C15: Description | D15: Article nr | E15: Qty | F15: Stock | G15: REQ | H15: L | I15: Impl. Div. | J15: PO | K15: Status | L15: Collo | M15: Transport | N15: ETA Aalst | O15: ETA <Place> | P15: COL | Q15: Notification | R15: Remark | S15: Action needed
B16: A. PILOTAGE, MOORING AND UNMOORING
B32: B. DRYDOCKING
B48: C. SERVICES
B64: D. GENERAL
B80: E. SURFACE PREPARATIONS
B96: F. PAINT
B112: G. STEEL
B128: H. TANKS
B144: I. SEAWATER LINES
B160: J. HOPPER
B176: M. PROPELLERS AND TAILSHAFTS
B192: N. ENGINES
... B240: X. MISCELLANEOUS

Sheet Subcontractors-attendees
B2: AL-IDRISI - Drydock 2027 <Place> Overview of subcontractors | E2: Rev. # | F2: Name | G2: Date
E3: =IF('Daily SOW'!F3="","",'Daily SOW'!F3) | F3: =IF('Daily SOW'!G3="","",'Daily SOW'!G3) | G3: =IF('Daily SOW'!H3="","",'Daily SOW'!H3)
E4: =IF('Daily SOW'!F4="","",'Daily SOW'!F4) | F4: =IF('Daily SOW'!G4="","",'Daily SOW'!G4) | G4: =IF('Daily SOW'!H4="","",'Daily SOW'!H4)
E5: =IF('Daily SOW'!F5="","",'Daily SOW'!F5) | F5: =IF('Daily SOW'!G5="","",'Daily SOW'!G5) | G5: =IF('Daily SOW'!H5="","",'Daily SOW'!H5)
E6: =IF('Daily SOW'!F6="","",'Daily SOW'!F6) | F6: =IF('Daily SOW'!G6="","",'Daily SOW'!G6) | G6: =IF('Daily SOW'!H6="","",'Daily SOW'!H6)
E7: =IF('Daily SOW'!F7="","",'Daily SOW'!F7) | F7: =IF('Daily SOW'!G7="","",'Daily SOW'!G7) | G7: =IF('Daily SOW'!H7="","",'Daily SOW'!H7)
E8: =IF('Daily SOW'!F8="","",'Daily SOW'!F8) | F8: =IF('Daily SOW'!G8="","",'Daily SOW'!G8) | G8: =IF('Daily SOW'!H8="","",'Daily SOW'!H8)
E9: =IF('Daily SOW'!F9="","",'Daily SOW'!F9) | F9: =IF('Daily SOW'!G9="","",'Daily SOW'!G9) | G9: =IF('Daily SOW'!H9="","",'Daily SOW'!H9)
E10: =IF('Daily SOW'!F10="","",'Daily SOW'!F10) | F10: =IF('Daily SOW'!G10="","",'Daily SOW'!G10) | G10: =IF('Daily SOW'!H10="","",'Daily SOW'!H10)
E11: =IF('Daily SOW'!F11="","",'Daily SOW'!F11) | F11: =IF('Daily SOW'!G11="","",'Daily SOW'!G11) | G11: =IF('Daily SOW'!H11="","",'Daily SOW'!H11)
E12: =IF('Daily SOW'!F12="","",'Daily SOW'!F12) | F12: =IF('Daily SOW'!G12="","",'Daily SOW'!G12) | G12: =IF('Daily SOW'!H12="","",'Daily SOW'!H12)
E13: Last change | G13: =LastChange
B15: Specs | C15: Description | D15: Subcontractor | E15: REQ | F15: PO | G15: VISA | H15: Flight | I15: Hotel | J15: Transport | K15: Port entry | L15: Remarks
B16: A. PILOTAGE, MOORING AND UNMOORING
B22: B. DRYDOCKING
B28: C. SERVICES
B34: D. GENERAL
B40: E. SURFACE PREPARATIONS
B46: F. PAINT
B52: G. STEEL
B58: H. TANKS
B64: I. SEAWATER LINES
B70: J. HOPPER
B76: M. PROPELLERS AND TAILSHAFTS
B82: N. ENGINES
... B100: X. MISCELLANEOUS

Sheet Planning
B2: AL-IDRISI - Drydock 2027 <Place> General planning | D2: Rev. # | I2: Name | N2: Date | T2: Engine room | AA2: ER crew change
D3: =IF('Daily SOW'!F3="","",'Daily SOW'!F3) | I3: =IF('Daily SOW'!G3="","",'Daily SOW'!G3) | N3: =IF('Daily SOW'!H3="","",'Daily SOW'!H3) | T3: Electricians | AA3: ELEC crew change
D4: =IF('Daily SOW'!F4="","",'Daily SOW'!F4) | I4: =IF('Daily SOW'!G4="","",'Daily SOW'!G4) | N4: =IF('Daily SOW'!H4="","",'Daily SOW'!H4) | T4: Deck | AA4: DECK crew change
D5: =IF('Daily SOW'!F5="","",'Daily SOW'!F5) | I5: =IF('Daily SOW'!G5="","",'Daily SOW'!G5) | N5: =IF('Daily SOW'!H5="","",'Daily SOW'!H5) | T5: Workshop | AA5: LOCAL crew change
D6: =IF('Daily SOW'!F6="","",'Daily SOW'!F6) | I6: =IF('Daily SOW'!G6="","",'Daily SOW'!G6) | N6: =IF('Daily SOW'!H6="","",'Daily SOW'!H6) | T6: 3rd party
D7: =IF('Daily SOW'!F7="","",'Daily SOW'!F7) | I7: =IF('Daily SOW'!G7="","",'Daily SOW'!G7) | N7: =IF('Daily SOW'!H7="","",'Daily SOW'!H7)
D8: =IF('Daily SOW'!F8="","",'Daily SOW'!F8) | I8: =IF('Daily SOW'!G8="","",'Daily SOW'!G8) | N8: =IF('Daily SOW'!H8="","",'Daily SOW'!H8)
D9: =IF('Daily SOW'!F9="","",'Daily SOW'!F9) | I9: =IF('Daily SOW'!G9="","",'Daily SOW'!G9) | N9: =IF('Daily SOW'!H9="","",'Daily SOW'!H9)
D10: =IF('Daily SOW'!F10="","",'Daily SOW'!F10) | I10: =IF('Daily SOW'!G10="","",'Daily SOW'!G10) | N10: =IF('Daily SOW'!H10="","",'Daily SOW'!H10)
D11: =IF('Daily SOW'!F11="","",'Daily SOW'!F11) | I11: =IF('Daily SOW'!G11="","",'Daily SOW'!G11) | N11: =IF('Daily SOW'!H11="","",'Daily SOW'!H11)
D12: =IF('Daily SOW'!F12="","",'Daily SOW'!F12) | I12: =IF('Daily SOW'!G12="","",'Daily SOW'!G12) | N12: =IF('Daily SOW'!H12="","",'Daily SOW'!H12)
D13: Last change | N13: =LastChange
C15: Crew change
B17: Specs | C17: Description | E17: =IF(D17="","",D17+1) | F17: =IF(E17="","",E17+1) | G17: =IF(F17="","",F17+1) | H17: =IF(G17="","",G17+1) | I17: =IF(H17="","",H17+1) | J17: =IF(I17="","",I17+1) | K17: =IF(J17="","",J17+1) | L17: =IF(K17="","",K17+1) | ... AL17: =IF(AK17="","",AK17+1) | AM17: Remarks
B18: A. PILOTAGE, MOORING AND UNMOORING
B24: B. DRYDOCKING
B30: C. SERVICES
B36: D. GENERAL
B42: E. SURFACE PREPARATIONS
B48: F. PAINT
B54: G. STEEL
B60: H. TANKS
B66: I. SEAWATER LINES
B72: J. HOPPER
B78: M. PROPELLERS AND TAILSHAFTS
B84: N. ENGINES
... B102: X. MISCELLANEOUS
